image,id,choice,annotator,annotation_id
/data/upload/1821.jpg,527,front,stasechka28@yandex.ru,498
/data/upload/1816.jpg,522,"{""choices"": [""right"", ""labeled"", ""damaged""]}",stasechka28@yandex.ru,493
/data/upload/1847.jpg,503,"{""choices"": [""right"", ""labeled"", ""damaged""]}",stasechka28@yandex.ru,474
/data/upload/1847.jpg,503,"{""choices"": [""right"", ""labeled""]}",stasechka28@yandex.ru,473
/data/upload/1776.jpg,463,back,stasechka28@yandex.ru,433
/data/upload/1601.jpg,288,back,stasechka28@yandex.ru,258
/data/upload/1535.jpg,223,back,stasechka28@yandex.ru,197
/data/upload/1349.jpg,87,"{""choices"": [""interior"", ""dirty""]}",stasechka28@yandex.ru,72
/data/upload/1488.jpg,180,back,stasechka28@yandex.ru,155
/data/upload/1830.jpg,536,b_left,stasechka28@yandex.ru,507
/data/upload/1829.jpg,535,b_right,stasechka28@yandex.ru,506
/data/upload/1828.jpg,534,right,stasechka28@yandex.ru,505
/data/upload/1827.jpg,533,left,stasechka28@yandex.ru,504
/data/upload/1826.jpg,532,f_left,stasechka28@yandex.ru,503
/data/upload/1825.jpg,531,f_right,stasechka28@yandex.ru,502
/data/upload/1824.jpg,530,back,stasechka28@yandex.ru,501
/data/upload/1823.jpg,529,"{""choices"": [""trunk"", ""dirty""]}",stasechka28@yandex.ru,500
/data/upload/1822.jpg,528,panel,stasechka28@yandex.ru,499
/data/upload/1820.jpg,526,"{""choices"": [""interior"", ""dirty""]}",stasechka28@yandex.ru,497
/data/upload/1819.jpg,525,"{""choices"": [""b_left"", ""labeled"", ""damaged""]}",stasechka28@yandex.ru,496
/data/upload/1818.jpg,524,"{""choices"": [""b_right"", ""labeled"", ""damaged""]}",stasechka28@yandex.ru,495
/data/upload/1817.jpg,523,"{""choices"": [""left"", ""labeled"", ""damaged""]}",stasechka28@yandex.ru,494
/data/upload/1815.jpg,521,"{""choices"": [""f_left"", ""labeled"", ""damaged""]}",stasechka28@yandex.ru,492
/data/upload/1814.jpg,520,"{""choices"": [""f_right"", ""labeled""]}",stasechka28@yandex.ru,491
/data/upload/1813.jpg,519,back,stasechka28@yandex.ru,490
/data/upload/1812.jpg,518,"{""choices"": [""trunk"", ""dirty""]}",stasechka28@yandex.ru,489
/data/upload/1811.jpg,517,panel,stasechka28@yandex.ru,488
/data/upload/1810.jpg,516,front,stasechka28@yandex.ru,487
/data/upload/1809.jpg,515,"{""choices"": [""f_left"", ""dirty"", ""labeled"", ""damaged""]}",stasechka28@yandex.ru,486
/data/upload/1808.jpg,514,"{""choices"": [""interior"", ""dirty""]}",stasechka28@yandex.ru,485
/data/upload/1807.jpg,513,"{""choices"": [""b_left"", ""dirty"", ""labeled""]}",stasechka28@yandex.ru,484
/data/upload/1806.jpg,512,"{""choices"": [""b_right"", ""dirty"", ""labeled""]}",stasechka28@yandex.ru,483
/data/upload/1805.jpg,511,"{""choices"": [""left"", ""dirty"", ""labeled""]}",stasechka28@yandex.ru,482
/data/upload/1804.jpg,510,"{""choices"": [""right"", ""dirty"", ""labeled""]}",stasechka28@yandex.ru,481
/data/upload/1803.jpg,509,"{""choices"": [""f_right"", ""dirty"", ""labeled""]}",stasechka28@yandex.ru,480
/data/upload/1802.jpg,508,"{""choices"": [""f_left"", ""dirty"", ""labeled""]}",stasechka28@yandex.ru,479
/data/upload/1801.jpg,507,"{""choices"": [""back"", ""dirty"", ""labeled""]}",stasechka28@yandex.ru,478
/data/upload/1850.jpg,506,"{""choices"": [""back"", ""labeled""]}",stasechka28@yandex.ru,477
/data/upload/1849.jpg,505,"{""choices"": [""b_right"", ""labeled""]}",stasechka28@yandex.ru,476
/data/upload/1848.jpg,504,damaged,stasechka28@yandex.ru,475
/data/upload/1846.jpg,502,"{""choices"": [""f_left"", ""labeled""]}",stasechka28@yandex.ru,472
/data/upload/1845.jpg,501,front,stasechka28@yandex.ru,471
/data/upload/1844.jpg,500,"{""choices"": [""f_left"", ""labeled""]}",stasechka28@yandex.ru,470
/data/upload/1843.jpg,499,"{""choices"": [""left"", ""labeled""]}",stasechka28@yandex.ru,469
/data/upload/1842.jpg,498,"{""choices"": [""interior"", ""dirty""]}",stasechka28@yandex.ru,468
/data/upload/1841.jpg,497,"{""choices"": [""b_left"", ""labeled"", ""damaged""]}",stasechka28@yandex.ru,467
/data/upload/1840.jpg,496,"{""choices"": [""b_right"", ""labeled"", ""damaged""]}",stasechka28@yandex.ru,466
/data/upload/1839.jpg,495,"{""choices"": [""left"", ""labeled""]}",stasechka28@yandex.ru,465
/data/upload/1838.jpg,494,"{""choices"": [""left"", ""labeled"", ""damaged""]}",stasechka28@yandex.ru,464
/data/upload/1837.jpg,493,"{""choices"": [""f_right"", ""labeled"", ""damaged""]}",stasechka28@yandex.ru,463
/data/upload/1836.jpg,492,"{""choices"": [""f_left"", ""labeled""]}",stasechka28@yandex.ru,462
/data/upload/1835.jpg,491,"{""choices"": [""back"", ""labeled""]}",stasechka28@yandex.ru,461
/data/upload/1834.jpg,490,"{""choices"": [""trunk"", ""dirty""]}",stasechka28@yandex.ru,460
/data/upload/1833.jpg,489,panel,stasechka28@yandex.ru,459
/data/upload/1832.jpg,488,front,stasechka28@yandex.ru,458
/data/upload/1831.jpg,487,"{""choices"": [""interior"", ""dirty""]}",stasechka28@yandex.ru,457
/data/upload/1389.jpg,127,"{""choices"": [""f_right"", ""labeled""]}",stasechka28@yandex.ru,104
/data/upload/1372.jpg,110,"{""choices"": [""right"", ""dirty"", ""labeled""]}",stasechka28@yandex.ru,92
/data/upload/1799.jpg,486,panel,stasechka28@yandex.ru,456
/data/upload/1798.jpg,485,"{""choices"": [""front"", ""dirty""]}",stasechka28@yandex.ru,455
/data/upload/1797.jpg,484,"{""choices"": [""f_left"", ""labeled"", ""damaged""]}",stasechka28@yandex.ru,454
/data/upload/1796.jpg,483,panel,stasechka28@yandex.ru,453
/data/upload/1795.jpg,482,"{""choices"": [""trunk"", ""dirty""]}",stasechka28@yandex.ru,452
/data/upload/1794.jpg,481,"{""choices"": [""interior"", ""dirty""]}",stasechka28@yandex.ru,451
/data/upload/1793.jpg,480,"{""choices"": [""b_left"", ""labeled"", ""damaged""]}",stasechka28@yandex.ru,450
/data/upload/1792.jpg,479,"{""choices"": [""b_right"", ""labeled"", ""damaged""]}",stasechka28@yandex.ru,449
/data/upload/1791.jpg,478,"{""choices"": [""right"", ""labeled"", ""damaged""]}",stasechka28@yandex.ru,448
/data/upload/1790.jpg,477,"{""choices"": [""left"", ""labeled""]}",stasechka28@yandex.ru,447
/data/upload/1789.jpg,476,"{""choices"": [""f_left"", ""labeled"", ""damaged""]}",stasechka28@yandex.ru,446
/data/upload/1788.jpg,475,"{""choices"": [""f_right"", ""labeled"", ""damaged""]}",stasechka28@yandex.ru,445
/data/upload/1787.jpg,474,"{""choices"": [""back"", ""labeled""]}",stasechka28@yandex.ru,444
/data/upload/1786.jpg,473,"{""choices"": [""trunk"", ""dirty""]}",stasechka28@yandex.ru,443
/data/upload/1785.jpg,472,panel,stasechka28@yandex.ru,442
/data/upload/1784.jpg,471,front,stasechka28@yandex.ru,441
/data/upload/1783.jpg,470,interior,stasechka28@yandex.ru,440
/data/upload/1782.jpg,469,"{""choices"": [""b_left"", ""labeled"", ""damaged""]}",stasechka28@yandex.ru,439
/data/upload/1781.jpg,468,"{""choices"": [""b_right"", ""labeled""]}",stasechka28@yandex.ru,438
/data/upload/1780.jpg,467,"{""choices"": [""left"", ""labeled"", ""damaged""]}",stasechka28@yandex.ru,437
/data/upload/1779.jpg,466,"{""choices"": [""right"", ""labeled"", ""damaged""]}",stasechka28@yandex.ru,436
/data/upload/1778.jpg,465,"{""choices"": [""f_left"", ""labeled""]}",stasechka28@yandex.ru,435
/data/upload/1777.jpg,464,"{""choices"": [""f_right"", ""labeled""]}",stasechka28@yandex.ru,434
/data/upload/1775.jpg,462,"{""choices"": [""trunk"", ""dirty""]}",stasechka28@yandex.ru,432
/data/upload/1774.jpg,461,panel,stasechka28@yandex.ru,431
/data/upload/1773.jpg,460,front,stasechka28@yandex.ru,430
/data/upload/1772.jpg,459,"{""choices"": [""interior"", ""dirty""]}",stasechka28@yandex.ru,429
/data/upload/1771.jpg,458,"{""choices"": [""b_left"", ""labeled"", ""damaged""]}",stasechka28@yandex.ru,428
/data/upload/1770.jpg,457,"{""choices"": [""b_right"", ""labeled""]}",stasechka28@yandex.ru,427
/data/upload/1769.jpg,456,"{""choices"": [""right"", ""labeled"", ""damaged""]}",stasechka28@yandex.ru,426
/data/upload/1768.jpg,455,"{""choices"": [""left"", ""labeled"", ""damaged""]}",stasechka28@yandex.ru,425
/data/upload/1767.jpg,454,"{""choices"": [""f_left"", ""labeled"", ""damaged""]}",stasechka28@yandex.ru,424
/data/upload/1766.jpg,453,"{""choices"": [""f_right"", ""labeled"", ""damaged""]}",stasechka28@yandex.ru,423
/data/upload/1765.jpg,452,back,stasechka28@yandex.ru,422
/data/upload/1764.jpg,451,"{""choices"": [""trunk"", ""dirty""]}",stasechka28@yandex.ru,421
/data/upload/1763.jpg,450,panel,stasechka28@yandex.ru,420
/data/upload/1762.jpg,449,front,stasechka28@yandex.ru,419
/data/upload/1761.jpg,448,interior,stasechka28@yandex.ru,418
/data/upload/1760.jpg,447,"{""choices"": [""b_left"", ""labeled"", ""damaged""]}",stasechka28@yandex.ru,417
/data/upload/1759.jpg,446,"{""choices"": [""b_right"", ""labeled"", ""damaged""]}",stasechka28@yandex.ru,416
/data/upload/1758.jpg,445,"{""choices"": [""right"", ""labeled"", ""damaged""]}",stasechka28@yandex.ru,415
/data/upload/1757.jpg,444,"{""choices"": [""left"", ""labeled"", ""damaged""]}",stasechka28@yandex.ru,414
/data/upload/1756.jpg,443,"{""choices"": [""f_left"", ""labeled"", ""damaged""]}",stasechka28@yandex.ru,413
/data/upload/1755.jpg,442,"{""choices"": [""f_right"", ""labeled"", ""damaged""]}",stasechka28@yandex.ru,412
/data/upload/1754.jpg,441,"{""choices"": [""back"", ""labeled""]}",stasechka28@yandex.ru,411
/data/upload/1753.jpg,440,"{""choices"": [""trunk"", ""dirty""]}",stasechka28@yandex.ru,410
/data/upload/1752.jpg,439,panel,stasechka28@yandex.ru,409
/data/upload/1751.jpg,438,front,stasechka28@yandex.ru,408
/data/upload/1750.jpg,437,"{""choices"": [""interior"", ""dirty""]}",stasechka28@yandex.ru,407
/data/upload/1749.jpg,436,"{""choices"": [""b_left"", ""labeled"", ""damaged""]}",stasechka28@yandex.ru,406
/data/upload/1748.jpg,435,"{""choices"": [""b_right"", ""labeled"", ""damaged""]}",stasechka28@yandex.ru,405
/data/upload/1747.jpg,434,"{""choices"": [""right"", ""labeled"", ""damaged""]}",stasechka28@yandex.ru,404
/data/upload/1746.jpg,433,"{""choices"": [""left"", ""labeled"", ""damaged""]}",stasechka28@yandex.ru,403
/data/upload/1745.jpg,432,"{""choices"": [""f_left"", ""labeled"", ""damaged""]}",stasechka28@yandex.ru,402
/data/upload/1744.jpg,431,"{""choices"": [""f_right"", ""labeled"", ""damaged""]}",stasechka28@yandex.ru,401
/data/upload/1743.jpg,430,back,stasechka28@yandex.ru,400
/data/upload/1742.jpg,429,"{""choices"": [""trunk"", ""dirty""]}",stasechka28@yandex.ru,399
/data/upload/1741.jpg,428,panel,stasechka28@yandex.ru,398
/data/upload/1740.jpg,427,front,stasechka28@yandex.ru,397
/data/upload/1739.jpg,426,"{""choices"": [""interior"", ""dirty""]}",stasechka28@yandex.ru,396
/data/upload/1738.jpg,425,"{""choices"": [""b_left"", ""labeled"", ""damaged""]}",stasechka28@yandex.ru,395
/data/upload/1737.jpg,424,"{""choices"": [""b_right"", ""labeled"", ""damaged""]}",stasechka28@yandex.ru,394
/data/upload/1736.jpg,423,"{""choices"": [""right"", ""labeled"", ""damaged""]}",stasechka28@yandex.ru,393
/data/upload/1735.jpg,422,"{""choices"": [""left"", ""labeled"", ""damaged""]}",stasechka28@yandex.ru,392
/data/upload/1734.jpg,421,"{""choices"": [""f_left"", ""labeled"", ""damaged""]}",stasechka28@yandex.ru,391
/data/upload/1733.jpg,420,"{""choices"": [""f_right"", ""labeled"", ""damaged""]}",stasechka28@yandex.ru,390
/data/upload/1732.jpg,419,"{""choices"": [""back"", ""labeled""]}",stasechka28@yandex.ru,389
/data/upload/1731.jpg,418,"{""choices"": [""trunk"", ""dirty""]}",stasechka28@yandex.ru,388
/data/upload/1730.jpg,417,panel,stasechka28@yandex.ru,387
/data/upload/1729.jpg,416,front,stasechka28@yandex.ru,386
/data/upload/1728.jpg,415,panel,stasechka28@yandex.ru,385
/data/upload/1727.jpg,414,"{""choices"": [""trunk"", ""dirty""]}",stasechka28@yandex.ru,384
/data/upload/1726.jpg,413,panel,stasechka28@yandex.ru,383
/data/upload/1725.jpg,412,"{""choices"": [""interior"", ""dirty""]}",stasechka28@yandex.ru,382
/data/upload/1724.jpg,411,"{""choices"": [""b_left"", ""labeled""]}",stasechka28@yandex.ru,381
/data/upload/1723.jpg,410,"{""choices"": [""b_right"", ""labeled""]}",stasechka28@yandex.ru,380
/data/upload/1722.jpg,409,"{""choices"": [""right"", ""labeled""]}",stasechka28@yandex.ru,379
/data/upload/1721.jpg,408,"{""choices"": [""left"", ""labeled""]}",stasechka28@yandex.ru,378
/data/upload/1720.jpg,407,"{""choices"": [""f_left"", ""labeled""]}",stasechka28@yandex.ru,377
/data/upload/1719.jpg,406,"{""choices"": [""f_right"", ""labeled""]}",stasechka28@yandex.ru,376
/data/upload/1718.jpg,405,"{""choices"": [""back"", ""labeled""]}",stasechka28@yandex.ru,375
/data/upload/1717.jpg,404,"{""choices"": [""trunk"", ""dirty""]}",stasechka28@yandex.ru,374
/data/upload/1716.jpg,403,panel,stasechka28@yandex.ru,373
/data/upload/1715.jpg,402,front,stasechka28@yandex.ru,372
/data/upload/1714.jpg,401,"{""choices"": [""interior"", ""dirty""]}",stasechka28@yandex.ru,371
/data/upload/1713.jpg,400,"{""choices"": [""b_left"", ""labeled"", ""damaged""]}",stasechka28@yandex.ru,370
/data/upload/1712.jpg,399,"{""choices"": [""b_right"", ""labeled"", ""damaged""]}",stasechka28@yandex.ru,369
/data/upload/1711.jpg,398,"{""choices"": [""right"", ""labeled""]}",stasechka28@yandex.ru,368
/data/upload/1710.jpg,397,"{""choices"": [""left"", ""labeled"", ""damaged""]}",stasechka28@yandex.ru,367
/data/upload/1709.jpg,396,"{""choices"": [""f_left"", ""labeled"", ""damaged""]}",stasechka28@yandex.ru,366
/data/upload/1708.jpg,395,"{""choices"": [""f_right"", ""labeled""]}",stasechka28@yandex.ru,365
/data/upload/1707.jpg,394,back,stasechka28@yandex.ru,364
/data/upload/1706.jpg,393,"{""choices"": [""trunk"", ""dirty""]}",stasechka28@yandex.ru,363
/data/upload/1705.jpg,392,panel,stasechka28@yandex.ru,362
/data/upload/1704.jpg,391,front,stasechka28@yandex.ru,361
/data/upload/1703.jpg,390,"{""choices"": [""interior"", ""dirty""]}",stasechka28@yandex.ru,360
/data/upload/1702.jpg,389,"{""choices"": [""b_right"", ""labeled"", ""damaged""]}",stasechka28@yandex.ru,359
/data/upload/1701.jpg,388,"{""choices"": [""b_right"", ""labeled"", ""damaged""]}",stasechka28@yandex.ru,358
/data/upload/1800.jpg,387,"{""choices"": [""trunk"", ""dirty""]}",stasechka28@yandex.ru,357
/data/upload/1699.jpg,386,"{""choices"": [""right"", ""labeled"", ""damaged""]}",stasechka28@yandex.ru,356
/data/upload/1698.jpg,385,"{""choices"": [""f_right"", ""labeled"", ""damaged""]}",stasechka28@yandex.ru,355
/data/upload/1697.jpg,384,"{""choices"": [""f_right"", ""labeled""]}",stasechka28@yandex.ru,354
/data/upload/1696.jpg,383,back,stasechka28@yandex.ru,320
/data/upload/1695.jpg,382,"{""choices"": [""trunk"", ""dirty""]}",stasechka28@yandex.ru,353
/data/upload/1694.jpg,381,panel,stasechka28@yandex.ru,352
/data/upload/1693.jpg,380,front,stasechka28@yandex.ru,351
/data/upload/1692.jpg,379,"{""choices"": [""interior"", ""dirty""]}",stasechka28@yandex.ru,350
/data/upload/1691.jpg,378,"{""choices"": [""b_left"", ""labeled"", ""damaged""]}",stasechka28@yandex.ru,349
/data/upload/1690.jpg,377,"{""choices"": [""b_right"", ""labeled"", ""damaged""]}",stasechka28@yandex.ru,348
/data/upload/1689.jpg,376,"{""choices"": [""right"", ""labeled"", ""damaged""]}",stasechka28@yandex.ru,347
/data/upload/1688.jpg,375,"{""choices"": [""left"", ""labeled"", ""damaged""]}",stasechka28@yandex.ru,346
/data/upload/1687.jpg,374,"{""choices"": [""f_left"", ""labeled""]}",stasechka28@yandex.ru,345
/data/upload/1686.jpg,373,"{""choices"": [""f_right"", ""labeled"", ""damaged""]}",stasechka28@yandex.ru,344
/data/upload/1685.jpg,372,"{""choices"": [""back"", ""labeled""]}",stasechka28@yandex.ru,343
/data/upload/1684.jpg,371,"{""choices"": [""trunk"", ""dirty""]}",stasechka28@yandex.ru,342
/data/upload/1683.jpg,370,panel,stasechka28@yandex.ru,341
/data/upload/1682.jpg,369,front,stasechka28@yandex.ru,340
/data/upload/1681.jpg,368,panel,stasechka28@yandex.ru,339
/data/upload/1680.jpg,367,interior,stasechka28@yandex.ru,338
/data/upload/1679.jpg,366,"{""choices"": [""b_left"", ""labeled"", ""damaged""]}",stasechka28@yandex.ru,337
/data/upload/1678.jpg,365,"{""choices"": [""b_right"", ""labeled"", ""damaged""]}",stasechka28@yandex.ru,336
/data/upload/1677.jpg,364,"{""choices"": [""right"", ""labeled"", ""damaged""]}",stasechka28@yandex.ru,335
/data/upload/1676.jpg,363,"{""choices"": [""left"", ""labeled"", ""damaged""]}",stasechka28@yandex.ru,334
/data/upload/1675.jpg,362,"{""choices"": [""f_left"", ""labeled"", ""damaged""]}",stasechka28@yandex.ru,333
/data/upload/1674.jpg,361,"{""choices"": [""f_right"", ""labeled"", ""damaged""]}",stasechka28@yandex.ru,332
/data/upload/1673.jpg,360,"{""choices"": [""back"", ""labeled""]}",stasechka28@yandex.ru,331
/data/upload/1672.jpg,359,"{""choices"": [""trunk"", ""dirty""]}",stasechka28@yandex.ru,330
/data/upload/1671.jpg,358,panel,stasechka28@yandex.ru,329
/data/upload/1670.jpg,357,front,stasechka28@yandex.ru,328
/data/upload/1669.jpg,356,"{""choices"": [""interior"", ""dirty""]}",stasechka28@yandex.ru,327
/data/upload/1668.jpg,355,"{""choices"": [""b_left"", ""labeled"", ""damaged""]}",stasechka28@yandex.ru,326
/data/upload/1667.jpg,354,"{""choices"": [""b_right"", ""labeled"", ""damaged""]}",stasechka28@yandex.ru,325
/data/upload/1666.jpg,353,"{""choices"": [""left"", ""labeled"", ""damaged""]}",stasechka28@yandex.ru,324
/data/upload/1665.jpg,352,"{""choices"": [""right"", ""labeled"", ""damaged""]}",stasechka28@yandex.ru,323
/data/upload/1664.jpg,351,"{""choices"": [""f_left"", ""labeled"", ""damaged""]}",stasechka28@yandex.ru,322
/data/upload/1663.jpg,350,"{""choices"": [""f_right"", ""labeled"", ""damaged""]}",stasechka28@yandex.ru,321
/data/upload/1662.jpg,349,back,stasechka28@yandex.ru,316
/data/upload/1661.jpg,348,"{""choices"": [""trunk"", ""dirty""]}",stasechka28@yandex.ru,315
/data/upload/1660.jpg,347,panel,stasechka28@yandex.ru,314
/data/upload/1659.jpg,346,front,stasechka28@yandex.ru,313
/data/upload/1658.jpg,345,panel,stasechka28@yandex.ru,312
/data/upload/1657.jpg,344,panel,stasechka28@yandex.ru,311
/data/upload/1656.jpg,343,"{""choices"": [""interior"", ""dirty""]}",stasechka28@yandex.ru,310
/data/upload/1655.jpg,342,"{""choices"": [""b_left"", ""labeled"", ""damaged""]}",stasechka28@yandex.ru,309
/data/upload/1654.jpg,341,"{""choices"": [""b_right"", ""labeled"", ""damaged""]}",stasechka28@yandex.ru,308
/data/upload/1653.jpg,340,"{""choices"": [""right"", ""labeled"", ""damaged""]}",stasechka28@yandex.ru,307
/data/upload/1652.jpg,339,"{""choices"": [""left"", ""labeled"", ""damaged""]}",stasechka28@yandex.ru,306
/data/upload/1651.jpg,338,"{""choices"": [""f_left"", ""labeled"", ""damaged""]}",stasechka28@yandex.ru,305
/data/upload/1650.jpg,337,"{""choices"": [""f_right"", ""labeled"", ""damaged""]}",stasechka28@yandex.ru,304
/data/upload/1649.jpg,336,back,stasechka28@yandex.ru,303
/data/upload/1648.jpg,335,"{""choices"": [""trunk"", ""dirty""]}",stasechka28@yandex.ru,302
/data/upload/1647.jpg,334,panel,stasechka28@yandex.ru,301
/data/upload/1646.jpg,333,front,stasechka28@yandex.ru,300
/data/upload/1645.jpg,332,"{""choices"": [""interior"", ""dirty""]}",stasechka28@yandex.ru,299
/data/upload/1644.jpg,331,"{""choices"": [""b_left"", ""labeled"", ""damaged""]}",stasechka28@yandex.ru,298
/data/upload/1643.jpg,330,"{""choices"": [""b_right"", ""labeled"", ""damaged""]}",stasechka28@yandex.ru,297
/data/upload/1642.jpg,329,"{""choices"": [""right"", ""labeled"", ""damaged""]}",stasechka28@yandex.ru,296
/data/upload/1641.jpg,328,"{""choices"": [""left"", ""labeled"", ""damaged""]}",stasechka28@yandex.ru,295
/data/upload/1640.jpg,327,"{""choices"": [""f_left"", ""labeled"", ""damaged""]}",stasechka28@yandex.ru,294
/data/upload/1639.jpg,326,"{""choices"": [""f_right"", ""labeled"", ""damaged""]}",stasechka28@yandex.ru,293
/data/upload/1638.jpg,325,"{""choices"": [""back"", ""labeled""]}",stasechka28@yandex.ru,292
/data/upload/1637.jpg,324,"{""choices"": [""trunk"", ""dirty""]}",stasechka28@yandex.ru,291
/data/upload/1636.jpg,323,panel,stasechka28@yandex.ru,290
/data/upload/1635.jpg,322,front,stasechka28@yandex.ru,289
/data/upload/1634.jpg,321,"{""choices"": [""interior"", ""dirty""]}",stasechka28@yandex.ru,515
/data/upload/1633.jpg,320,"{""choices"": [""right"", ""labeled"", ""damaged""]}",stasechka28@yandex.ru,288
/data/upload/1632.jpg,319,panel,stasechka28@yandex.ru,287
/data/upload/1631.jpg,318,interior,stasechka28@yandex.ru,286
/data/upload/1630.jpg,317,"{""choices"": [""b_left"", ""labeled"", ""damaged""]}",stasechka28@yandex.ru,285
/data/upload/1629.jpg,316,"{""choices"": [""b_right"", ""labeled"", ""damaged""]}",stasechka28@yandex.ru,284
/data/upload/1628.jpg,315,"{""choices"": [""right"", ""labeled"", ""damaged""]}",stasechka28@yandex.ru,283
/data/upload/1627.jpg,314,"{""choices"": [""left"", ""labeled"", ""damaged""]}",stasechka28@yandex.ru,282
/data/upload/1626.jpg,313,"{""choices"": [""f_left"", ""labeled"", ""damaged""]}",stasechka28@yandex.ru,281
/data/upload/1625.jpg,312,"{""choices"": [""f_right"", ""labeled"", ""damaged""]}",stasechka28@yandex.ru,280
/data/upload/1624.jpg,311,"{""choices"": [""back"", ""labeled""]}",stasechka28@yandex.ru,279
/data/upload/1623.jpg,310,"{""choices"": [""trunk"", ""dirty""]}",stasechka28@yandex.ru,278
/data/upload/1622.jpg,309,panel,stasechka28@yandex.ru,277
/data/upload/1621.jpg,308,front,stasechka28@yandex.ru,276
/data/upload/1620.jpg,307,"{""choices"": [""interior"", ""dirty""]}",stasechka28@yandex.ru,514
/data/upload/1619.jpg,306,"{""choices"": [""b_left"", ""labeled""]}",stasechka28@yandex.ru,275
/data/upload/1618.jpg,305,"{""choices"": [""b_right"", ""labeled""]}",stasechka28@yandex.ru,274
/data/upload/1617.jpg,304,"{""choices"": [""right"", ""labeled""]}",stasechka28@yandex.ru,273
/data/upload/1616.jpg,303,"{""choices"": [""left"", ""labeled"", ""damaged""]}",stasechka28@yandex.ru,272
/data/upload/1615.jpg,302,"{""choices"": [""f_left"", ""labeled""]}",stasechka28@yandex.ru,271
/data/upload/1614.jpg,301,"{""choices"": [""f_right"", ""labeled""]}",stasechka28@yandex.ru,270
/data/upload/1613.jpg,300,back,stasechka28@yandex.ru,269
/data/upload/1612.jpg,299,"{""choices"": [""trunk"", ""dirty""]}",stasechka28@yandex.ru,268
/data/upload/1611.jpg,298,panel,stasechka28@yandex.ru,513
/data/upload/1610.jpg,297,front,stasechka28@yandex.ru,267
/data/upload/1609.jpg,296,panel,stasechka28@yandex.ru,266
/data/upload/1608.jpg,295,"{""choices"": [""interior"", ""dirty""]}",stasechka28@yandex.ru,265
/data/upload/1607.jpg,294,b_left,stasechka28@yandex.ru,264
/data/upload/1606.jpg,293,"{""choices"": [""b_right"", ""labeled""]}",stasechka28@yandex.ru,263
/data/upload/1605.jpg,292,"{""choices"": [""right"", ""labeled"", ""damaged""]}",stasechka28@yandex.ru,262
/data/upload/1604.jpg,291,left,stasechka28@yandex.ru,261
/data/upload/1603.jpg,290,f_left,stasechka28@yandex.ru,260
/data/upload/1602.jpg,289,"{""choices"": [""b_right"", ""labeled"", ""damaged""]}",stasechka28@yandex.ru,259
/data/upload/1700.jpg,287,"{""choices"": [""left"", ""labeled"", ""damaged""]}",stasechka28@yandex.ru,257
/data/upload/1598.jpg,286,front,stasechka28@yandex.ru,256
/data/upload/1597.jpg,285,"{""choices"": [""interior"", ""dirty""]}",stasechka28@yandex.ru,512
/data/upload/1596.jpg,284,"{""choices"": [""b_left"", ""labeled"", ""damaged""]}",stasechka28@yandex.ru,255
/data/upload/1595.jpg,283,"{""choices"": [""b_right"", ""labeled""]}",stasechka28@yandex.ru,254
/data/upload/1594.jpg,282,"{""choices"": [""right"", ""labeled"", ""damaged""]}",stasechka28@yandex.ru,253
/data/upload/1593.jpg,281,"{""choices"": [""left"", ""labeled"", ""damaged""]}",stasechka28@yandex.ru,252
/data/upload/1592.jpg,280,"{""choices"": [""f_left"", ""labeled"", ""damaged""]}",stasechka28@yandex.ru,251
/data/upload/1591.jpg,279,"{""choices"": [""f_right"", ""labeled"", ""damaged""]}",stasechka28@yandex.ru,250
/data/upload/1590.jpg,278,"{""choices"": [""back"", ""labeled""]}",stasechka28@yandex.ru,249
/data/upload/1589.jpg,277,"{""choices"": [""trunk"", ""dirty""]}",stasechka28@yandex.ru,248
/data/upload/1588.jpg,276,panel,stasechka28@yandex.ru,247
/data/upload/1587.jpg,275,front,stasechka28@yandex.ru,246
/data/upload/1586.jpg,274,"{""choices"": [""interior"", ""dirty""]}",stasechka28@yandex.ru,245
/data/upload/1585.jpg,273,"{""choices"": [""b_left"", ""labeled"", ""damaged""]}",stasechka28@yandex.ru,244
/data/upload/1584.jpg,272,"{""choices"": [""b_right"", ""labeled"", ""damaged""]}",stasechka28@yandex.ru,243
/data/upload/1583.jpg,271,"{""choices"": [""right"", ""labeled"", ""damaged""]}",stasechka28@yandex.ru,242
/data/upload/1582.jpg,270,"{""choices"": [""left"", ""labeled"", ""damaged""]}",stasechka28@yandex.ru,241
/data/upload/1581.jpg,269,"{""choices"": [""f_left"", ""labeled"", ""damaged""]}",stasechka28@yandex.ru,240
/data/upload/1580.jpg,268,"{""choices"": [""f_right"", ""labeled"", ""damaged""]}",stasechka28@yandex.ru,239
/data/upload/1579.jpg,267,"{""choices"": [""back"", ""labeled""]}",stasechka28@yandex.ru,319
/data/upload/1578.jpg,266,"{""choices"": [""trunk"", ""dirty""]}",stasechka28@yandex.ru,238
/data/upload/1577.jpg,265,panel,stasechka28@yandex.ru,237
/data/upload/1576.jpg,264,front,stasechka28@yandex.ru,236
/data/upload/1575.jpg,263,"{""choices"": [""interior"", ""dirty""]}",stasechka28@yandex.ru,235
/data/upload/1574.jpg,262,"{""choices"": [""b_left"", ""labeled"", ""damaged""]}",stasechka28@yandex.ru,234
/data/upload/1573.jpg,261,"{""choices"": [""b_right"", ""labeled""]}",stasechka28@yandex.ru,233
/data/upload/1572.jpg,260,"{""choices"": [""right"", ""damaged""]}",stasechka28@yandex.ru,232
/data/upload/1571.jpg,259,"{""choices"": [""left"", ""labeled"", ""damaged""]}",stasechka28@yandex.ru,231
/data/upload/1570.jpg,258,"{""choices"": [""f_left"", ""labeled"", ""damaged""]}",stasechka28@yandex.ru,230
/data/upload/1569.jpg,257,f_right,stasechka28@yandex.ru,229
/data/upload/1567.jpg,255,"{""choices"": [""trunk"", ""dirty""]}",stasechka28@yandex.ru,227
/data/upload/1566.jpg,254,panel,stasechka28@yandex.ru,226
/data/upload/1565.jpg,253,front,stasechka28@yandex.ru,225
/data/upload/1564.jpg,252,"{""choices"": [""interior"", ""dirty""]}",stasechka28@yandex.ru,224
/data/upload/1563.jpg,251,"{""choices"": [""b_left"", ""labeled"", ""damaged""]}",stasechka28@yandex.ru,223
/data/upload/1562.jpg,250,"{""choices"": [""b_right"", ""labeled"", ""damaged""]}",stasechka28@yandex.ru,222
/data/upload/1561.jpg,249,"{""choices"": [""right"", ""labeled"", ""damaged""]}",stasechka28@yandex.ru,221
/data/upload/1560.jpg,248,"{""choices"": [""left"", ""labeled""]}",stasechka28@yandex.ru,220
/data/upload/1559.jpg,247,"{""choices"": [""f_left"", ""labeled""]}",stasechka28@yandex.ru,219
/data/upload/1558.jpg,246,"{""choices"": [""f_right"", ""labeled"", ""damaged""]}",stasechka28@yandex.ru,218
/data/upload/1557.jpg,245,"{""choices"": [""back"", ""labeled""]}",stasechka28@yandex.ru,217
/data/upload/1556.jpg,244,"{""choices"": [""trunk"", ""dirty""]}",stasechka28@yandex.ru,216
/data/upload/1555.jpg,243,panel,stasechka28@yandex.ru,215
/data/upload/1554.jpg,242,front,stasechka28@yandex.ru,214
/data/upload/1553.jpg,241,"{""choices"": [""interior"", ""dirty""]}",stasechka28@yandex.ru,213
/data/upload/1552.jpg,240,"{""choices"": [""b_left"", ""labeled"", ""damaged""]}",stasechka28@yandex.ru,212
/data/upload/1551.jpg,239,"{""choices"": [""left"", ""b_right"", ""labeled""]}",stasechka28@yandex.ru,211
/data/upload/1550.jpg,238,"{""choices"": [""left"", ""labeled"", ""damaged""]}",stasechka28@yandex.ru,210
/data/upload/1549.jpg,237,"{""choices"": [""right"", ""labeled"", ""damaged""]}",stasechka28@yandex.ru,209
/data/upload/1548.jpg,236,"{""choices"": [""f_left"", ""labeled""]}",stasechka28@yandex.ru,208
/data/upload/1547.jpg,235,"{""choices"": [""f_right"", ""labeled""]}",stasechka28@yandex.ru,207
/data/upload/1546.jpg,234,back,stasechka28@yandex.ru,317
/data/upload/1545.jpg,233,"{""choices"": [""trunk"", ""dirty""]}",stasechka28@yandex.ru,206
/data/upload/1544.jpg,232,panel,stasechka28@yandex.ru,205
/data/upload/1543.jpg,231,front,stasechka28@yandex.ru,204
/data/upload/1542.jpg,230,"{""choices"": [""interior"", ""dirty""]}",stasechka28@yandex.ru,318
/data/upload/1541.jpg,229,"{""choices"": [""b_left"", ""labeled""]}",stasechka28@yandex.ru,203
/data/upload/1540.jpg,228,"{""choices"": [""b_right"", ""labeled"", ""damaged""]}",stasechka28@yandex.ru,202
/data/upload/1539.jpg,227,"{""choices"": [""right"", ""labeled"", ""damaged""]}",stasechka28@yandex.ru,201
/data/upload/1538.jpg,226,"{""choices"": [""left"", ""labeled"", ""damaged""]}",stasechka28@yandex.ru,200
/data/upload/1537.jpg,225,"{""choices"": [""f_left"", ""labeled"", ""damaged""]}",stasechka28@yandex.ru,199
/data/upload/1536.jpg,224,"{""choices"": [""f_right"", ""labeled""]}",stasechka28@yandex.ru,198
/data/upload/1534.jpg,222,"{""choices"": [""trunk"", ""dirty""]}",stasechka28@yandex.ru,196
/data/upload/1533.jpg,221,panel,stasechka28@yandex.ru,195
/data/upload/1532.jpg,220,front,stasechka28@yandex.ru,194
/data/upload/1531.jpg,219,interior,stasechka28@yandex.ru,193
/data/upload/1530.jpg,218,"{""choices"": [""b_left"", ""labeled"", ""damaged""]}",stasechka28@yandex.ru,192
/data/upload/1529.jpg,217,"{""choices"": [""b_right"", ""labeled"", ""damaged""]}",stasechka28@yandex.ru,191
/data/upload/1528.jpg,216,"{""choices"": [""right"", ""labeled"", ""damaged""]}",stasechka28@yandex.ru,190
/data/upload/1527.jpg,215,"{""choices"": [""left"", ""labeled"", ""damaged""]}",stasechka28@yandex.ru,189
/data/upload/1526.jpg,214,"{""choices"": [""f_right"", ""labeled"", ""damaged""]}",stasechka28@yandex.ru,188
/data/upload/1525.jpg,213,"{""choices"": [""back"", ""labeled""]}",stasechka28@yandex.ru,187
/data/upload/1524.jpg,212,"{""choices"": [""trunk"", ""dirty""]}",stasechka28@yandex.ru,186
/data/upload/1523.jpg,211,panel,stasechka28@yandex.ru,185
/data/upload/1522.jpg,210,front,stasechka28@yandex.ru,184
/data/upload/1521.jpg,209,"{""choices"": [""interior"", ""dirty""]}",stasechka28@yandex.ru,511
/data/upload/1520.jpg,208,"{""choices"": [""b_left"", ""labeled"", ""damaged""]}",stasechka28@yandex.ru,183
/data/upload/1519.jpg,207,"{""choices"": [""b_right"", ""labeled"", ""damaged""]}",stasechka28@yandex.ru,182
/data/upload/1518.jpg,206,"{""choices"": [""left"", ""labeled""]}",stasechka28@yandex.ru,181
/data/upload/1517.jpg,205,"{""choices"": [""right"", ""labeled"", ""damaged""]}",stasechka28@yandex.ru,180
/data/upload/1516.jpg,204,"{""choices"": [""f_left"", ""labeled""]}",stasechka28@yandex.ru,179
/data/upload/1515.jpg,203,"{""choices"": [""f_right"", ""labeled"", ""damaged""]}",stasechka28@yandex.ru,178
/data/upload/1514.jpg,202,"{""choices"": [""back"", ""labeled""]}",stasechka28@yandex.ru,177
/data/upload/1513.jpg,201,"{""choices"": [""trunk"", ""dirty""]}",stasechka28@yandex.ru,176
/data/upload/1512.jpg,200,panel,stasechka28@yandex.ru,175
/data/upload/1511.jpg,199,front,stasechka28@yandex.ru,174
/data/upload/1510.jpg,198,"{""choices"": [""interior"", ""dirty""]}",stasechka28@yandex.ru,173
/data/upload/1509.jpg,197,"{""choices"": [""b_left"", ""labeled""]}",stasechka28@yandex.ru,172
/data/upload/1508.jpg,196,"{""choices"": [""b_right"", ""labeled""]}",stasechka28@yandex.ru,171
/data/upload/1507.jpg,195,"{""choices"": [""right"", ""labeled""]}",stasechka28@yandex.ru,170
/data/upload/1506.jpg,194,"{""choices"": [""f_left"", ""labeled""]}",stasechka28@yandex.ru,169
/data/upload/1505.jpg,193,"{""choices"": [""f_right"", ""labeled""]}",stasechka28@yandex.ru,168
/data/upload/1504.jpg,192,"{""choices"": [""back"", ""labeled""]}",stasechka28@yandex.ru,167
/data/upload/1503.jpg,191,"{""choices"": [""trunk"", ""dirty""]}",stasechka28@yandex.ru,166
/data/upload/1502.jpg,190,panel,stasechka28@yandex.ru,165
/data/upload/1501.jpg,189,front,stasechka28@yandex.ru,164
/data/upload/1500.jpg,188,"{""choices"": [""front"", ""damaged""]}",stasechka28@yandex.ru,163
/data/upload/1600.jpg,187,"{""choices"": [""back"", ""dirty""]}",stasechka28@yandex.ru,162
/data/upload/1599.jpg,186,panel,stasechka28@yandex.ru,161
/data/upload/1493.jpg,185,"{""choices"": [""b_right"", ""labeled"", ""damaged""]}",stasechka28@yandex.ru,160
/data/upload/1492.jpg,184,"{""choices"": [""left"", ""labeled"", ""damaged""]}",stasechka28@yandex.ru,159
/data/upload/1491.jpg,183,"{""choices"": [""left"", ""labeled"", ""damaged""]}",stasechka28@yandex.ru,158
/data/upload/1490.jpg,182,"{""choices"": [""f_left"", ""labeled""]}",stasechka28@yandex.ru,157
/data/upload/1489.jpg,181,"{""choices"": [""f_right"", ""labeled""]}",stasechka28@yandex.ru,156
/data/upload/1487.jpg,179,"{""choices"": [""trunk"", ""dirty""]}",stasechka28@yandex.ru,154
/data/upload/1486.jpg,178,panel,stasechka28@yandex.ru,153
/data/upload/1485.jpg,177,front,stasechka28@yandex.ru,152
/data/upload/1484.jpg,176,"{""choices"": [""interior"", ""dirty""]}",stasechka28@yandex.ru,510
/data/upload/1483.jpg,175,"{""choices"": [""b_left"", ""labeled"", ""damaged""]}",stasechka28@yandex.ru,151
/data/upload/1482.jpg,174,"{""choices"": [""b_right"", ""labeled"", ""damaged""]}",stasechka28@yandex.ru,150
/data/upload/1481.jpg,173,"{""choices"": [""right"", ""labeled"", ""damaged""]}",stasechka28@yandex.ru,149
/data/upload/1480.jpg,172,"{""choices"": [""left"", ""labeled"", ""damaged""]}",stasechka28@yandex.ru,148
/data/upload/1479.jpg,171,"{""choices"": [""f_left"", ""labeled""]}",stasechka28@yandex.ru,147
/data/upload/1478.jpg,170,"{""choices"": [""f_right"", ""labeled"", ""damaged""]}",stasechka28@yandex.ru,146
/data/upload/1477.jpg,169,back,stasechka28@yandex.ru,145
/data/upload/1476.jpg,168,"{""choices"": [""trunk"", ""dirty""]}",stasechka28@yandex.ru,144
/data/upload/1475.jpg,167,panel,stasechka28@yandex.ru,143
/data/upload/1474.jpg,166,front,stasechka28@yandex.ru,142
/data/upload/1473.jpg,165,"{""choices"": [""interior"", ""dirty""]}",stasechka28@yandex.ru,141
/data/upload/1472.jpg,164,"{""choices"": [""b_left"", ""labeled"", ""damaged""]}",stasechka28@yandex.ru,140
/data/upload/1471.jpg,163,"{""choices"": [""b_right"", ""labeled"", ""damaged""]}",stasechka28@yandex.ru,139
/data/upload/1470.jpg,162,"{""choices"": [""left"", ""labeled"", ""damaged""]}",stasechka28@yandex.ru,138
/data/upload/1469.jpg,161,"{""choices"": [""right"", ""labeled"", ""damaged""]}",stasechka28@yandex.ru,137
/data/upload/1468.jpg,160,"{""choices"": [""f_right"", ""labeled"", ""damaged""]}",stasechka28@yandex.ru,136
/data/upload/1467.jpg,159,"{""choices"": [""f_right"", ""labeled"", ""damaged""]}",stasechka28@yandex.ru,135
/data/upload/1466.jpg,158,"{""choices"": [""back"", ""labeled""]}",stasechka28@yandex.ru,134
/data/upload/1465.jpg,157,"{""choices"": [""trunk"", ""dirty""]}",stasechka28@yandex.ru,133
/data/upload/1464.jpg,156,panel,stasechka28@yandex.ru,132
/data/upload/1463.jpg,155,front,stasechka28@yandex.ru,131
/data/upload/1462.jpg,154,interior,stasechka28@yandex.ru,130
/data/upload/1461.jpg,153,"{""choices"": [""b_left"", ""labeled"", ""damaged""]}",stasechka28@yandex.ru,129
/data/upload/1460.jpg,152,"{""choices"": [""b_right"", ""labeled"", ""damaged""]}",stasechka28@yandex.ru,128
/data/upload/1459.jpg,151,"{""choices"": [""right"", ""labeled"", ""damaged""]}",stasechka28@yandex.ru,127
/data/upload/1458.jpg,150,"{""choices"": [""left"", ""labeled""]}",stasechka28@yandex.ru,126
/data/upload/1457.jpg,149,"{""choices"": [""f_right"", ""labeled""]}",stasechka28@yandex.ru,125
/data/upload/1456.jpg,148,"{""choices"": [""f_left"", ""labeled""]}",stasechka28@yandex.ru,124
/data/upload/1455.jpg,147,back,stasechka28@yandex.ru,123
/data/upload/1454.jpg,146,"{""choices"": [""trunk"", ""dirty""]}",stasechka28@yandex.ru,122
/data/upload/1453.jpg,145,panel,stasechka28@yandex.ru,121
/data/upload/1452.jpg,144,front,stasechka28@yandex.ru,120
/data/upload/1499.jpg,143,panel,stasechka28@yandex.ru,119
/data/upload/1498.jpg,142,"{""choices"": [""front"", ""damaged""]}",stasechka28@yandex.ru,118
/data/upload/1497.jpg,141,interior,stasechka28@yandex.ru,117
/data/upload/1496.jpg,140,panel,stasechka28@yandex.ru,116
/data/upload/1495.jpg,139,interior,stasechka28@yandex.ru,115
/data/upload/1494.jpg,138,"{""choices"": [""b_left"", ""labeled"", ""damaged""]}",stasechka28@yandex.ru,114
/data/upload/1399.jpg,137,"{""choices"": [""labeled"", ""damaged""]}",stasechka28@yandex.ru,113
/data/upload/1398.jpg,136,"{""choices"": [""labeled"", ""damaged""]}",stasechka28@yandex.ru,112
/data/upload/1397.jpg,135,"{""choices"": [""b_left"", ""dirty"", ""labeled""]}",stasechka28@yandex.ru,111
/data/upload/1395.jpg,133,panel,stasechka28@yandex.ru,110
/data/upload/1394.jpg,132,"{""choices"": [""b_left"", ""labeled""]}",stasechka28@yandex.ru,109
/data/upload/1393.jpg,131,"{""choices"": [""b_right"", ""labeled""]}",stasechka28@yandex.ru,108
/data/upload/1392.jpg,130,"{""choices"": [""right"", ""labeled""]}",stasechka28@yandex.ru,107
/data/upload/1391.jpg,129,"{""choices"": [""left"", ""labeled""]}",stasechka28@yandex.ru,106
/data/upload/1390.jpg,128,"{""choices"": [""b_left"", ""labeled""]}",stasechka28@yandex.ru,105
/data/upload/1388.jpg,126,"{""choices"": [""back"", ""dirty"", ""labeled""]}",stasechka28@yandex.ru,103
/data/upload/1387.jpg,125,"{""choices"": [""trunk"", ""dirty""]}",stasechka28@yandex.ru,102
/data/upload/1386.jpg,124,"{""choices"": [""interior"", ""dirty""]}",stasechka28@yandex.ru,101
/data/upload/1385.jpg,123,front,stasechka28@yandex.ru,100
/data/upload/1381.jpg,119,"{""choices"": [""labeled"", ""damaged""]}",stasechka28@yandex.ru,99
/data/upload/1379.jpg,117,"{""choices"": [""b_left"", ""dirty"", ""labeled"", ""damaged""]}",stasechka28@yandex.ru,98
/data/upload/1378.jpg,116,"{""choices"": [""back"", ""labeled"", ""damaged""]}",stasechka28@yandex.ru,97
/data/upload/1377.jpg,115,,stasechka28@yandex.ru,96
/data/upload/1375.jpg,113,"{""choices"": [""interior"", ""dirty""]}",stasechka28@yandex.ru,95
/data/upload/1374.jpg,112,"{""choices"": [""b_left"", ""dirty"", ""labeled""]}",stasechka28@yandex.ru,94
/data/upload/1373.jpg,111,"{""choices"": [""b_right"", ""dirty"", ""labeled""]}",stasechka28@yandex.ru,93
/data/upload/1371.jpg,109,"{""choices"": [""left"", ""labeled""]}",stasechka28@yandex.ru,91
/data/upload/1370.jpg,108,"{""choices"": [""f_left"", ""labeled""]}",stasechka28@yandex.ru,90
/data/upload/1369.jpg,107,"{""choices"": [""f_right"", ""labeled""]}",stasechka28@yandex.ru,89
/data/upload/1368.jpg,106,"{""choices"": [""back"", ""labeled""]}",stasechka28@yandex.ru,88
/data/upload/1367.jpg,105,"{""choices"": [""trunk"", ""dirty""]}",stasechka28@yandex.ru,87
/data/upload/1366.jpg,104,panel,stasechka28@yandex.ru,86
/data/upload/1365.jpg,103,front,stasechka28@yandex.ru,85
/data/upload/1361.jpg,99,"{""choices"": [""interior"", ""dirty""]}",stasechka28@yandex.ru,84
/data/upload/1360.jpg,98,"{""choices"": [""b_left"", ""labeled""]}",stasechka28@yandex.ru,83
/data/upload/1359.jpg,97,"{""choices"": [""f_right"", ""labeled""]}",stasechka28@yandex.ru,82
/data/upload/1358.jpg,96,"{""choices"": [""right"", ""labeled""]}",stasechka28@yandex.ru,81
/data/upload/1357.jpg,95,"{""choices"": [""left"", ""labeled""]}",stasechka28@yandex.ru,80
/data/upload/1356.jpg,94,"{""choices"": [""f_left"", ""labeled""]}",stasechka28@yandex.ru,79
/data/upload/1355.jpg,93,"{""choices"": [""f_right"", ""labeled""]}",stasechka28@yandex.ru,78
/data/upload/1354.jpg,92,"{""choices"": [""back"", ""labeled""]}",stasechka28@yandex.ru,77
/data/upload/1353.jpg,91,"{""choices"": [""trunk"", ""dirty""]}",stasechka28@yandex.ru,76
/data/upload/1352.jpg,90,panel,stasechka28@yandex.ru,75
/data/upload/1351.jpg,89,front,stasechka28@yandex.ru,74
/data/upload/1350.jpg,88,left,stasechka28@yandex.ru,73
/data/upload/1348.jpg,86,front,stasechka28@yandex.ru,71
/data/upload/1347.jpg,85,panel,stasechka28@yandex.ru,70
/data/upload/1346.jpg,84,front,stasechka28@yandex.ru,69
/data/upload/1345.jpg,83,panel,stasechka28@yandex.ru,68
/data/upload/1344.jpg,82,panel,stasechka28@yandex.ru,67
/data/upload/1343.jpg,81,"{""choices"": [""b_left"", ""labeled""]}",stasechka28@yandex.ru,66
/data/upload/1342.jpg,80,interior,stasechka28@yandex.ru,65
/data/upload/1338.jpg,76,"{""choices"": [""interior"", ""dirty""]}",stasechka28@yandex.ru,64
/data/upload/1337.jpg,75,"{""choices"": [""interior"", ""dirty""]}",stasechka28@yandex.ru,63
/data/upload/1336.jpg,74,"{""choices"": [""b_left"", ""labeled""]}",stasechka28@yandex.ru,62
/data/upload/1335.jpg,73,"{""choices"": [""b_right"", ""labeled""]}",stasechka28@yandex.ru,61
/data/upload/1334.jpg,72,"{""choices"": [""right"", ""labeled""]}",stasechka28@yandex.ru,60
/data/upload/1333.jpg,71,"{""choices"": [""left"", ""labeled""]}",stasechka28@yandex.ru,59
/data/upload/1332.jpg,70,"{""choices"": [""f_left"", ""labeled""]}",stasechka28@yandex.ru,58
/data/upload/1331.jpg,69,"{""choices"": [""f_right"", ""labeled""]}",stasechka28@yandex.ru,57
/data/upload/1330.jpg,68,"{""choices"": [""back"", ""labeled""]}",stasechka28@yandex.ru,56
/data/upload/1329.jpg,67,"{""choices"": [""trunk"", ""dirty""]}",stasechka28@yandex.ru,55
/data/upload/1328.jpg,66,panel,stasechka28@yandex.ru,54
/data/upload/1327.jpg,65,front,stasechka28@yandex.ru,53
/data/upload/1326.jpg,64,"{""choices"": [""interior"", ""dirty""]}",stasechka28@yandex.ru,52
/data/upload/1325.jpg,63,"{""choices"": [""b_left"", ""labeled""]}",stasechka28@yandex.ru,51
/data/upload/1324.jpg,62,"{""choices"": [""b_right"", ""labeled""]}",stasechka28@yandex.ru,50
/data/upload/1323.jpg,61,"{""choices"": [""left"", ""labeled""]}",stasechka28@yandex.ru,49
/data/upload/1322.jpg,60,"{""choices"": [""f_left"", ""labeled""]}",stasechka28@yandex.ru,48
/data/upload/1321.jpg,59,"{""choices"": [""f_left"", ""labeled""]}",stasechka28@yandex.ru,47
/data/upload/1320.jpg,58,"{""choices"": [""f_right"", ""labeled""]}",stasechka28@yandex.ru,46
/data/upload/1319.jpg,57,"{""choices"": [""back"", ""labeled""]}",stasechka28@yandex.ru,45
/data/upload/1316.jpg,54,"{""choices"": [""back"", ""dirty""]}",stasechka28@yandex.ru,44
/data/upload/1315.jpg,53,panel,stasechka28@yandex.ru,43
/data/upload/1314.jpg,52,front,stasechka28@yandex.ru,42
/data/upload/1312.jpg,50,"{""choices"": [""right"", ""labeled""]}",stasechka28@yandex.ru,41
/data/upload/1311.jpg,49,"{""choices"": [""left"", ""labeled""]}",stasechka28@yandex.ru,40
/data/upload/1310.jpg,48,"{""choices"": [""back"", ""dirty""]}",stasechka28@yandex.ru,39
/data/upload/1307.jpg,45,"{""choices"": [""trunk"", ""dirty""]}",stasechka28@yandex.ru,38
/data/upload/1305.jpg,43,interior,stasechka28@yandex.ru,37
/data/upload/1303.jpg,41,"{""choices"": [""interior"", ""dirty""]}",stasechka28@yandex.ru,36
/data/upload/1302.jpg,40,"{""choices"": [""left"", ""dirty""]}",stasechka28@yandex.ru,509
/data/upload/1301.jpg,39,"{""choices"": [""b_right"", ""dirty"", ""labeled""]}",stasechka28@yandex.ru,35
/data/upload/1300.jpg,38,panel,stasechka28@yandex.ru,34
/data/upload/1299.jpg,37,"{""choices"": [""interior"", ""dirty""]}",stasechka28@yandex.ru,508
/data/upload/1298.jpg,36,"{""choices"": [""b_left"", ""dirty"", ""labeled""]}",stasechka28@yandex.ru,33
/data/upload/1297.jpg,35,"{""choices"": [""b_right"", ""dirty"", ""labeled""]}",stasechka28@yandex.ru,32
/data/upload/1296.jpg,34,"{""choices"": [""left"", ""labeled""]}",stasechka28@yandex.ru,31
/data/upload/1295.jpg,33,"{""choices"": [""left"", ""labeled""]}",stasechka28@yandex.ru,30
/data/upload/1294.jpg,32,"{""choices"": [""f_left"", ""dirty"", ""labeled""]}",stasechka28@yandex.ru,29
/data/upload/1293.jpg,31,"{""choices"": [""f_right"", ""dirty"", ""labeled""]}",stasechka28@yandex.ru,28
/data/upload/1292.jpg,30,"{""choices"": [""back"", ""dirty"", ""labeled""]}",stasechka28@yandex.ru,27
/data/upload/1291.jpg,29,trunk,stasechka28@yandex.ru,26
/data/upload/1290.jpg,28,panel,stasechka28@yandex.ru,25
/data/upload/1289.jpg,27,front,stasechka28@yandex.ru,24
/data/upload/1287.jpg,25,"{""choices"": [""interior"", ""dirty""]}",stasechka28@yandex.ru,23
/data/upload/1286.jpg,24,"{""choices"": [""right"", ""labeled""]}",stasechka28@yandex.ru,22
/data/upload/1285.jpg,23,"{""choices"": [""b_left"", ""dirty"", ""labeled""]}",stasechka28@yandex.ru,20
/data/upload/1282.jpg,20,"{""choices"": [""panel"", ""dirty""]}",stasechka28@yandex.ru,21
/data/upload/1281.jpg,19,"{""choices"": [""f_left"", ""dirty"", ""labeled""]}",stasechka28@yandex.ru,19
/data/upload/1280.jpg,18,"{""choices"": [""left"", ""dirty"", ""labeled""]}",stasechka28@yandex.ru,18
/data/upload/1279.jpg,17,"{""choices"": [""b_right"", ""dirty"", ""labeled""]}",stasechka28@yandex.ru,17
/data/upload/1278.jpg,16,front,stasechka28@yandex.ru,16
/data/upload/1277.jpg,15,"{""choices"": [""f_right"", ""dirty"", ""labeled""]}",stasechka28@yandex.ru,15
/data/upload/1276.jpg,14,"{""choices"": [""back"", ""dirty""]}",stasechka28@yandex.ru,14
/data/upload/1275.jpg,13,"{""choices"": [""back"", ""dirty"", ""labeled""]}",stasechka28@yandex.ru,13
/data/upload/1274.jpg,12,"{""choices"": [""b_left"", ""dirty"", ""labeled""]}",stasechka28@yandex.ru,12
/data/upload/1272.jpg,10,"{""choices"": [""f_right"", ""dirty"", ""labeled""]}",stasechka28@yandex.ru,11
/data/upload/1270.jpg,8,"{""choices"": [""right"", ""dirty"", ""labeled""]}",stasechka28@yandex.ru,10
/data/upload/1269.jpg,7,"{""choices"": [""interior"", ""dirty""]}",stasechka28@yandex.ru,9
/data/upload/1267.jpg,5,"{""choices"": [""trunk"", ""dirty""]}",stasechka28@yandex.ru,8
/data/upload/1266.jpg,4,panel,stasechka28@yandex.ru,6
/data/upload/1265.jpg,3,front,stasechka28@yandex.ru,7
